plot	png	pdf	description	sources
figure2d_f_chromosome_auc_intra	outputs/paper_figures_mns_maxspan/figure2_supp3_8/plots/figure2d_f_chromosome_auc_intra.png	outputs/paper_figures_mns_maxspan/figure2_supp3_8/plots/figure2d_f_chromosome_auc_intra.pdf	Figure 2d-f chromosome AUC, intra-cell test	window_metrics.tsv
supplementary_figure3_intra_chromosome_auc_ap	outputs/paper_figures_mns_maxspan/figure2_supp3_8/plots/supplementary_figure3_intra_chromosome_auc_ap.png	outputs/paper_figures_mns_maxspan/figure2_supp3_8/plots/supplementary_figure3_intra_chromosome_auc_ap.pdf	Supplementary Figure 3 intra-cell chromosome AUC/AP	window_metrics.tsv
supplementary_figure4_inter_chromosome_auc	outputs/paper_figures_mns_maxspan/figure2_supp3_8/plots/supplementary_figure4_inter_chromosome_auc.png	outputs/paper_figures_mns_maxspan/figure2_supp3_8/plots/supplementary_figure4_inter_chromosome_auc.pdf	Supplementary Figure 4 inter-cell chromosome AUC	window_metrics.tsv
supplementary_figure5_inter_chromosome_ap	outputs/paper_figures_mns_maxspan/figure2_supp3_8/plots/supplementary_figure5_inter_chromosome_ap.png	outputs/paper_figures_mns_maxspan/figure2_supp3_8/plots/supplementary_figure5_inter_chromosome_ap.pdf	Supplementary Figure 5 inter-cell chromosome AP	window_metrics.tsv
figure2g_i_order_auc_intra	outputs/paper_figures_mns_maxspan/figure2_supp3_8/plots/figure2g_i_order_auc_intra.png	outputs/paper_figures_mns_maxspan/figure2_supp3_8/plots/figure2g_i_order_auc_intra.pdf	Figure 2g-i order AUC, intra-cell test	order_metrics.tsv
supplementary_figure6_intra_order_auc_ap	outputs/paper_figures_mns_maxspan/figure2_supp3_8/plots/supplementary_figure6_intra_order_auc_ap.png	outputs/paper_figures_mns_maxspan/figure2_supp3_8/plots/supplementary_figure6_intra_order_auc_ap.pdf	Supplementary Figure 6 intra-cell order AUC/AP	order_metrics.tsv
supplementary_figure7_inter_order_auc_ap	outputs/paper_figures_mns_maxspan/figure2_supp3_8/plots/supplementary_figure7_inter_order_auc_ap.png	outputs/paper_figures_mns_maxspan/figure2_supp3_8/plots/supplementary_figure7_inter_order_auc_ap.pdf	Supplementary Figure 7 inter-cell order AUC/AP	order_metrics.tsv
figure2k_model_score_consistency_summary	outputs/paper_figures_mns_maxspan/figure2_supp3_8/plots/figure2k_model_score_consistency_summary.png	outputs/paper_figures_mns_maxspan/figure2_supp3_8/plots/figure2k_model_score_consistency_summary.pdf	Figure 2k model-score consistency summary	model_score_consistency.tsv
figure2k_model_score_consistency_scatter	outputs/paper_figures_mns_maxspan/figure2_supp3_8/plots/figure2k_model_score_consistency_scatter.png	outputs/paper_figures_mns_maxspan/figure2_supp3_8/plots/figure2k_model_score_consistency_scatter.pdf	Figure 2k sampled positive-candidate score consistency	window_scores.tsv;figure2k_consistency_sample.tsv
