target_gene	sample_name	loci	order	replicate_count	mean_log2_fc	sd_log2_fc	min_log2_fc	max_log2_fc
MYB	A-sg1 & C-sg1	A;C	2	9	-2.3774	0.0984	-2.5368	-2.2688
MYB	A-sg1 & C-sg2	A;C	2	9	-2.9270	0.1529	-3.1450	-2.6583
MYB	A-sg1 & C-sg3	A;C	2	9	-3.0592	0.1248	-3.2347	-2.8798
MYB	A-sg2 & C-sg1	A;C	2	9	-3.4992	0.2269	-3.8041	-3.1679
MYB	A-sg2 & C-sg2	A;C	2	9	-3.4771	0.1432	-3.6624	-3.3087
MYB	A-sg2 & C-sg3	A;C	2	9	-5.1018	0.1484	-5.3066	-4.8408
MYB	A-sg3 & C-sg1	A;C	2	9	-3.0629	0.2092	-3.4385	-2.8105
MYB	A-sg3 & C-sg2	A;C	2	9	-3.7101	0.1369	-3.9908	-3.5721
MYB	A-sg3 & C-sg3	A;C	2	9	-3.4251	0.2803	-3.8824	-3.0753
MYB	B-sg1 & C-sg1	B;C	2	9	-3.4054	0.1617	-3.5905	-3.1577
MYB	B-sg1 & C-sg2	B;C	2	9	-3.9471	0.1637	-4.1175	-3.6843
MYB	B-sg1 & C-sg3	B;C	2	9	-1.9695	0.3013	-2.5296	-1.6438
MYB	B-sg2 & C-sg1	B;C	2	9	-3.5306	0.2804	-3.8354	-3.0179
MYB	B-sg2 & C-sg2	B;C	2	9	-5.3494	0.2823	-5.7379	-5.0502
MYB	B-sg2 & C-sg3	B;C	2	9	-3.9050	0.2445	-4.2031	-3.5183
MYB	B-sg3 & C-sg1	B;C	2	9	-4.8020	0.2234	-5.0502	-4.4472
MYB	B-sg3 & C-sg2	B;C	2	9	-1.5648	0.2761	-1.9908	-1.2994
MYB	B-sg3 & C-sg3	B;C	2	9	-3.8678	0.2599	-4.4995	-3.5696
MYB	A-sg1 & B-sg1	A;B	2	9	-0.7846	0.2380	-1.2186	-0.3109
MYB	A-sg1 & B-sg2	A;B	2	9	-1.0918	0.1755	-1.3463	-0.8905
MYB	A-sg1 & B-sg3	A;B	2	9	-1.0776	0.4307	-1.8449	-0.3998
MYB	A-sg2 & B-sg1	A;B	2	9	-1.6162	0.3653	-2.2444	-1.0313
MYB	A-sg2 & B-sg2	A;B	2	9	-1.5100	0.3463	-2.0880	-1.0723
MYB	A-sg2 & B-sg3	A;B	2	9	-1.9132	0.4416	-2.6700	-1.4128
MYB	A-sg3 & B-sg1	A;B	2	9	-0.9634	0.2475	-1.4394	-0.7294
MYB	A-sg3 & B-sg2	A;B	2	9	-1.1687	0.1424	-1.5129	-1.0430
MYB	A-sg3 & B-sg3	A;B	2	9	-1.2779	0.2573	-1.5582	-0.7405
MYB	A-sg1	A	1	9	-0.2982	0.2092	-0.5689	0.0076
MYB	A-sg1(A&B)	A	1	9	0.0107	0.3967	-0.3219	0.8482
MYB	A-sg2	A	1	9	-1.7717	0.2536	-2.2296	-1.4082
MYB	A-sg2(A&B)	A	1	9	-1.6474	0.3569	-2.0627	-0.9045
MYB	A-sg3	A	1	9	-0.4567	0.2760	-0.8884	-0.1083
MYB	A-sg3(A&B)	A	1	9	-0.7589	0.5111	-1.1520	0.5004
MYB	B-sg1	B	1	9	-1.2647	0.2412	-1.6432	-0.8702
MYB	B-sg1(A&B)	B	1	9	-1.2033	0.2625	-1.5923	-0.8185
MYB	B-sg2	B	1	9	-1.2394	0.1317	-1.4728	-1.0667
MYB	B-sg2(A&B)	B	1	9	-1.5385	0.2427	-1.7533	-0.9848
MYB	B-sg3	B	1	9	-1.0785	0.2103	-1.4973	-0.8975
MYB	B-sg3(A&B)	B	1	9	-1.6456	0.1300	-1.8632	-1.4661
MYB	C-sg1	C	1	9	-1.3970	0.2196	-1.7981	-1.1049
MYB	C-sg2	C	1	9	-2.4141	0.2180	-2.8195	-2.0993
MYB	C-sg3	C	1	9	-2.3681	0.1973	-2.7005	-2.1023
MYB	MYB TSS-1	TSS	1	9	-5.6364	0.2165	-5.9374	-5.3243
MYB	MYB TSS-2	TSS	1	9	-5.5483	0.1507	-5.8558	-5.3781
MYB	MYB TSS-3	TSS	1	9	-4.4100	0.1045	-4.5375	-4.2493
MYB	MYB TSS-4	TSS	1	9	-2.9867	0.1105	-3.1656	-2.7637
ADAMTS14	A-sg1 & B-sg1	A;B	2	9	-0.4283	0.2083	-0.6720	-0.0305
ADAMTS14	A-sg1 & B-sg2	A;B	2	9	0.3186	0.1851	-0.0865	0.4842
ADAMTS14	A-sg1 & B-sg3	A;B	2	9	-0.6833	0.3895	-1.2099	-0.1564
ADAMTS14	A-sg2 & B-sg1	A;B	2	9	-0.2919	0.2040	-0.6189	-0.0597
ADAMTS14	A-sg2 & B-sg2	A;B	2	9	-2.6072	0.2412	-3.0463	-2.2346
ADAMTS14	A-sg2 & B-sg3	A;B	2	9	-1.3026	0.2695	-1.6652	-0.8798
ADAMTS14	A-sg3 & B-sg1	A;B	2	9	-1.4728	0.3426	-2.0928	-1.0802
ADAMTS14	A-sg3 & B-sg2	A;B	2	9	0.1192	0.2029	-0.1379	0.4354
ADAMTS14	A-sg3 & B-sg3	A;B	2	9	0.5705	0.2207	0.2723	0.9453
ADAMTS14	A-sg1	A	1	9	-0.9217	0.3026	-1.5230	-0.4638
ADAMTS14	A-sg2	A	1	9	-0.4404	0.2818	-0.8572	-0.1062
ADAMTS14	A-sg3	A	1	9	-0.7600	0.1390	-0.9661	-0.6127
ADAMTS14	B-sg1	B	1	9	-0.4177	0.2508	-0.8288	0.0456
ADAMTS14	B-sg2	B	1	9	-0.7045	0.3354	-1.2083	-0.2247
ADAMTS14	B-sg3	B	1	9	-0.6258	0.2295	-1.0525	-0.3926
ADAMTS14	ADAMTS14 TSS-1	TSS	1	9	-2.4765	0.4261	-3.1949	-1.9351
ADAMTS14	ADAMTS14 TSS-2	TSS	1	9	-0.9259	0.1766	-1.1114	-0.6058
ADAMTS14	ADAMTS14 TSS-3	TSS	1	9	-1.5780	0.2509	-1.9549	-1.0083
