gene,rho_tcga,rho_adj_purity,rho_ccle,p_ccle,n_ccle,fdr_ccle
RNASET2,0.2701719205757666,0.2428912113440776,0.48562834224598933,0.004171209741552075,33,0.23675567689776963
BSPRY,-0.2420939401593661,-0.1895647643601131,0.46590909090909094,0.006283112466521836,33,0.23675567689776963
FOXL1,0.4282503740616761,0.4358168925790838,0.46223262032085566,0.0067643012642415005,33,0.23675567689776963
NFE2L3,0.3114134107218365,0.2184673507539672,0.44184491978609625,0.010042746174787707,33,0.23675567689776963
SERPINE1,0.468258866994968,0.4290935833479111,0.4375,0.010892709577470832,33,0.23675567689776963
NLGN4Y,0.1412126737413297,0.1200901616681669,0.4260853255932346,0.013419850765924425,33,0.23675567689776963
CHST1,0.216766046611889,0.1765010707006625,0.4242728421681435,0.013863186413256295,33,0.23675567689776963
KDELR3,0.3205027801024551,0.2403787131429207,0.42065680768577757,0.014784445950603938,33,0.23675567689776963
LOX,0.4310288037192832,0.3962972910526307,0.41778074866310166,0.015553292642919173,33,0.23675567689776963
TMEM44,0.3609824112735232,0.337300755895158,0.3933823529411765,0.023521148286754834,33,0.27000529978305937
C1QL1,0.3183459690754834,0.2905065004530121,0.393048128342246,0.023650099251070894,33,0.27000529978305937
NBL1,0.226822331276879,0.1991436316295466,0.37155273793259325,0.03325510558328022,33,0.31616563526110825
C5orf46,0.2799678967028209,0.2509110265064033,0.368932555711529,0.034616675393551996,33,0.31616563526110825
SPOCK1,0.2809956063603167,0.2391826674658669,0.34592245989304815,0.04862027000425848,33,0.4163110619114633
TOX3,-0.1943104551172649,-0.1318726821330743,0.3196255611605557,0.0697996480405595,33,0.46271734373182843
AQP9,0.4042193837520516,0.3377049076793732,0.3180673520915824,0.07125047965362716,33,0.46271734373182843
DMBT1,0.4031247385698268,0.3956593953402005,0.3148658822725487,0.07430497490584106,33,0.46271734373182843
PPEF1,0.2374617210244927,0.1730397336516217,0.2882494831829642,0.1037882209184082,33,0.5426140120109609
PRIMA1,0.3555993360959613,0.3204827979059259,0.2845901791290627,0.10844942566836457,33,0.5426140120109609
CTHRC1,0.3730837190233407,0.3410356194880598,0.27974598930481287,0.11485990035268516,33,0.5426140120109609
CCL20,0.2336833682619358,0.2046684044449581,0.27272727272727276,0.12464498183057446,33,0.5508504035738291
OASL,0.2564071087487817,0.1631587666980775,0.2667112299465241,0.1335128153138953,33,0.5716017405626143
SCG2,0.2764456794995646,0.2341046215689941,0.26336898395721925,0.1386355181367289,33,0.5755474540827835
PROCR,0.3382887193459629,0.3156959959331001,0.2553475935828877,0.15151464486591093,33,0.5926383641164565
FAM189A2,-0.2832499787955757,-0.2559507503084343,0.25152502803619203,0.1579479407764326,33,0.5926383641164565
MYH11,0.1591004736179439,0.1016526937890101,0.24799465240641713,0.16406207920608668,33,0.5926383641164565
DPYSL3,0.3360163607606204,0.3123449332255715,0.24766042780748665,0.16464957061471314,33,0.5926383641164565
C3orf52,-0.2250454743499386,-0.2039676280049573,0.24298128342245992,0.1730330990121041,33,0.5926383641164565
CAMK2N2,0.2062786794777197,0.1820097341176938,0.23429144385026737,0.18939857914702957,33,0.632868423003489
CACNA1D,-0.1591800900593145,-0.1006416543371486,0.2306149732620321,0.19663870569576514,33,0.6372439694220094
IRF6,-0.2553630249669723,-0.1849980336565012,0.2219251336898396,0.2145116106453367,33,0.6530686812980251
IGFBP3,0.344986358833972,0.3517038419819238,0.2162433155080214,0.2267821191339349,33,0.6754163113336756
SPSB1,0.3011221909933991,0.2547356953194028,0.21390374331550804,0.23197028416660867,33,0.6761687006558593
CDK5R2,0.3573520135986179,0.3149333115671628,0.20521390374331552,0.2519385717227773,33,0.7109916354185624
SPINK1,0.1810976276708547,0.1624927550649695,0.2042185653212638,0.25429627836138363,33,0.7109916354185624
FGF5,0.3157773012150455,0.2599241061477673,0.19351604278074866,0.2805691827387233,33,0.7687595607041018
MT1DP,0.3827949647905922,0.3316084633992787,0.18915326132215418,0.2917640946638728,33,0.78375845037158
TMSB10,0.3689037404940681,0.3269961493333764,0.1788101604278075,0.3194282624412736,33,0.8139396965463588
ENPP5,-0.2506296292737373,-0.1914723470156312,0.17279411764705885,0.33624456078509823,33,0.8139396965463588
PGF,0.225354169836681,0.1978736245303695,0.1681149732620321,0.3496909925288374,33,0.8139396965463588
UNC5A,0.3174370996134525,0.268503641456308,0.16744652406417113,0.3516380286106414,33,0.8139396965463588
DCLK1,0.1985893358111226,0.129177277203823,0.16310160427807488,0.36445225131769754,33,0.8139396965463588
ABCA12,0.2225463649735156,0.1758165818810372,0.15808823529411764,0.37957750603297036,33,0.8139396965463588
DNAJB13,0.3106805942571748,0.2847039044341262,0.15675133689839574,0.3836719840488263,33,0.8139396965463588
PRRX2,0.2134760484830993,0.1778280329256034,0.15096304417027784,0.40169392146081584,33,0.8139396965463588
RCAN2,-0.3017293735786201,-0.2610610147274348,0.1504010695187166,0.40346895918794123,33,0.8139396965463588
SCNN1G,0.1513014345209072,0.1410399469802918,0.13946969918209962,0.43887485041631025,33,0.8139396965463588
C1orf95,-0.3338243289663619,-0.2906691090906359,0.13837395238321712,0.44251490801161053,33,0.8139396965463588
KDM5D,0.0992378014912959,0.0660116892281987,0.1380347593582888,0.4436450208910081,33,0.8139396965463588
TLE6,0.2456682346878992,0.2348936440594744,0.13502673796791445,0.4537353346367933,33,0.8139396965463588
ACTG2,0.2170828188829353,0.1730241875254943,0.12767379679144386,0.4789104095323652,33,0.8139396965463588
COLEC12,0.1988904554042403,0.1733497631407695,0.12733957219251338,0.48007168541307754,33,0.8139396965463588
GOLGA7B,0.2680586145916825,0.2341645078634942,0.1270053475935829,0.48123441912594933,33,0.8139396965463588
PRKY,0.1419473594566122,0.1118321915787034,0.12184533865362042,0.4993689633699776,33,0.8343115607522796
CGN,-0.1729854567259928,-0.1016178815946854,0.11998663101604279,0.5059847133181785,33,0.8351795870432585
AEBP1,0.3162334716952029,0.2862032841353076,0.11764705882352942,0.5143738825813196,33,0.8389193084957236
PTHLH,0.2493706630492587,0.1903324640898025,0.11163101604278076,0.5362570253519456,33,0.8444394881922868
CD70,0.2267511644552316,0.1849714464277542,0.10294117647058824,0.5686312610734869,33,0.863089710509306
LTBP1,0.2737986547172448,0.2405752558297566,0.10227272727272728,0.5711578644496516,33,0.863089710509306
GPX8,0.308767569038413,0.2481763516960584,0.09926470588235295,0.5825899413169034,33,0.863089710509306
TUBA3D,0.1938724802096989,0.1307788419920873,0.09258021390374332,0.608350760958039,33,0.8866388750133121
MAOA,0.2347019916149556,0.2064428335661767,0.09057486631016043,0.6161719493705241,33,0.8885848111974928
SPESP1,0.13916315622245,0.1210326965019167,0.08581688728809289,0.6348941686364891,33,0.9060468864916563
MMP9,0.3197088040862121,0.2530665806084283,0.07754010695187166,0.6679919373571094,33,0.9244738153714769
CPZ,0.171234507734431,0.1213967771785781,0.07419569916420657,0.6815463894344465,33,0.9244738153714769
PPP1R14D,0.1319599617384304,0.0831753314973799,0.06901943811069819,0.702717805967533,33,0.9346829069665245
FKBP10,0.354376019270992,0.3355339781570104,0.0603325814757909,0.738738319348299,33,0.936907244270294
C1S,0.4911235146279617,0.4240482683874563,0.05782085561497327,0.7492596843225476,33,0.936907244270294
P4HA3,0.3450008022117507,0.3335620117280688,0.05681818181818182,0.7534723249161992,33,0.936907244270294
HTRA3,0.2192757623235145,0.197131549510177,0.0554812834224599,0.7591000300292163,33,0.936907244270294
WISP2,0.4030291802553262,0.3703985429234672,0.05314171122994653,0.7689776016843931,33,0.9406243877746594
RPS4Y1,0.1169580341587886,0.1154373554152519,0.04846256684491979,0.7888386198299027,33,0.9448378279759421
ATP10A,0.3383940232552244,0.2641211340043456,0.0482994904335279,0.7895332486915563,33,0.9448378279759421
EN2,0.1259529630898723,0.0885224579231831,0.04072756980468919,0.8219527650215745,33,0.9474395881294829
TUBA3E,0.1841848866805595,0.1325695471268132,0.03314366879804117,0.8547159289267077,33,0.9474395881294829
ACTN2,0.1689068586620418,0.1483659053491365,0.03309100036622326,0.8549443620911009,33,0.9474395881294829
NKAIN1,0.3090588490783293,0.3177932919704517,0.030427153037948747,0.8665126734144772,33,0.9474395881294829
RALGPS1,-0.2841752607406128,-0.2970146099773676,0.02974598930481283,0.869475236028857,33,0.9474395881294829
C10orf99,0.2956229880462195,0.2488324053033088,0.029550360123702418,0.8703264033338733,33,0.9474395881294829
ZFY,0.10487587693191,0.0775843284772068,0.02674690888372851,0.88253923906695,33,0.9474395881294829
ENKUR,0.3914626013753905,0.3564457821419923,0.022393048128342245,0.9015579543205565,33,0.9474395881294829
XIST,-0.1074514020822898,-0.1105624980321153,0.022393048128342245,0.9015579543205565,33,0.9474395881294829
IL20RB,0.3400829739346173,0.26838359832247,0.022393048128342245,0.9015579543205565,33,0.9474395881294829
C1R,0.5375970603825487,0.4887957933015144,0.012366310160427808,0.945544926243306,33,0.9754962397391651
FABP6,0.2655879238285095,0.2052243925683873,0.008689839572192513,0.9617199576740234,33,0.9832510015025462
SFRP4,0.1787829689884264,0.1538582198260205,0.004011030347421002,0.9823257368023499,33,0.9941086640252161
FST,0.1607126370161073,0.1278377321563406,-0.001336898395721925,0.9941086640252161,33,0.9941086640252161
FABP4,-0.2272984142935465,-0.1713924305433097,-0.0025140475188079746,0.9889215409850884,33,0.9941086640252161
ABCA17P,0.1966918167012954,0.2043769468735595,-0.012032085561497327,0.9470145977029851,33,0.9754962397391651
NEGR1,0.1610466974169921,0.1610366079732571,-0.0213903743315508,0.9059458835398706,33,0.9474395881294829
DNAJC28,-0.3861053706881246,-0.3676257358588302,-0.027406417112299467,0.8796636910411236,33,0.9474395881294829
PITX2,0.2887686779645781,0.2360623363652923,-0.03342245989304813,0.8535069513307668,33,0.9474395881294829
CCDC74B,0.1712478092973387,0.1281647010323885,-0.03710203071364427,0.837582137252669,33,0.9474395881294829
PIPOX,0.142371162697809,0.0897987364032567,-0.03810160427807487,0.8332667138980836,33,0.9474395881294829
MMP16,0.2245960079656916,0.1698801756258265,-0.03977272727272728,0.8260627489013268,33,0.9474395881294829
PTPN3,-0.4112357505635549,-0.3741187643995782,-0.047459893048128345,0.7931120453812652,33,0.9448378279759421
NPTX2,0.3181787571369158,0.2886521674014075,-0.056149732620320865,0.7562846412420678,33,0.936907244270294
SLCO5A1,0.2871154818802223,0.1789709779143259,-0.061831550802139035,0.7324812401851004,33,0.936907244270294
PRAME,0.2696912192501169,0.2067064180886448,-0.06316844919786097,0.7269148990369839,33,0.936907244270294
ARHGAP8,-0.2995959222522319,-0.2134019462449871,-0.06473563194114465,0.7204071642654266,33,0.936907244270294
SLC16A11,-0.2299709067949547,-0.1692874460244554,-0.06922010835117956,0.7018928238831988,33,0.9346829069665245
MSC,0.1741149389342309,0.1372584686284253,-0.07420406142728854,0.6815123739403051,33,0.9244738153714769
SLC38A4,-0.1844730996995446,-0.2071065143956611,-0.07503969274966792,0.6781163583884946,33,0.9244738153714769
PDLIM3,0.2616711696056206,0.2026679631663699,-0.07526344829396246,0.6772080639598002,33,0.9244738153714769
PLA2G2A,0.2913287948839072,0.2461164917509336,-0.09840050874220448,0.5858930151632515,33,0.863089710509306
RYR2,0.3145581512585867,0.2475004655097113,-0.09959893048128343,0.5813147111970498,33,0.863089710509306
EYA1,0.3012775301055181,0.2831511656315471,-0.10995989304812835,0.5424136858461404,33,0.8444394881922868
FZD10,0.2003585906423384,0.1550370610911423,-0.11330681426802396,0.5301169171842418,33,0.8444394881922868
FREM2,-0.2086903999426703,-0.1745732201836045,-0.11497326203208558,0.5240449377787748,33,0.8444394881922868
CCDC74A,0.2015108644012388,0.1558255209448065,-0.12934491978609627,0.47312597132579703,33,0.8139396965463588
C5orf38,0.1528674776821253,0.1078385050894342,-0.13160880773819095,0.46534840878052164,33,0.8139396965463588
SCD,0.2519862616334077,0.2622375291548701,-0.13536096256684493,0.4526081498803749,33,0.8139396965463588
PYCR1,0.2772250329681479,0.2402433333644194,-0.1377120419281211,0.4447216940611596,33,0.8139396965463588
CDC25C,0.2873061875644669,0.2239099242390105,-0.14171122994652408,0.43147971323820344,33,0.8139396965463588
FAM57B,0.2070497238151956,0.1763180895702065,-0.14239157733344557,0.42924881330408016,33,0.8139396965463588
HSD3B7,0.2462250824733728,0.216971008825658,-0.14806149732620322,0.41090649824019765,33,0.8139396965463588
UNC5D,-0.1795822185923888,-0.1494403149617627,-0.1506023175209668,0.40283279016874296,33,0.8139396965463588
KCNJ2,0.2133567755883547,0.1822874567014983,-0.15073529411764705,0.4024127489932253,33,0.8139396965463588
EFNA3,0.347632713494476,0.3840842743072774,-0.15581098974315818,0.38656729052430494,33,0.8139396965463588
NETO2,0.2761431918425865,0.3121234329393474,-0.16243315508021391,0.3664479855237246,33,0.8139396965463588
TBX18,0.2646472084406285,0.1834323838644551,-0.17163867361672372,0.3395351585415052,33,0.8139396965463588
KIF20A,0.3377251898838509,0.2693792901086488,-0.17297568373253072,0.33572925696439593,33,0.8139396965463588
OGDHL,-0.3806536580782882,-0.3343163030665905,-0.17981283422459893,0.3166773387949127,33,0.8139396965463588
APOH,0.1462952729907969,0.0666408003711418,-0.22664912905327148,0.20466229674867456,33,0.6372439694220094
S100A3,0.2762200141180547,0.2420480857168689,-0.22794117647058826,0.20202380018198193,33,0.6372439694220094
MOGAT3,0.1650093989926046,0.164192529379926,-0.24443659945501675,0.1703937959406124,33,0.5926383641164565
TFPI,0.3177029767108161,0.3128496924879288,-0.2523395721925134,0.15656086744611752,33,0.5926383641164565
GNGT1,0.1658234103692902,0.1575129703842149,-0.273025560542546,0.12421695150522159,33,0.5508504035738291
PIP5K1B,-0.250295846534379,-0.2519550317894057,-0.28241978609625673,0.11128745460033403,33,0.5426140120109609
PLA2G1B,0.2249180821931123,0.1680554411830384,-0.29660529498418464,0.0937133895163997,33,0.5135493745498703
PMCH,0.2503639442157611,0.1678057638960254,-0.2993812721026507,0.09053694632505495,33,0.5135493745498703
FOLH1,0.22581660013236,0.2179968521823763,-0.30487721791655376,0.08449171001442352,33,0.5032767074772183
SOX6,-0.381740646511333,-0.3339016789625805,-0.3161764705882353,0.07304248943670587,33,0.46271734373182843
CENPA,0.274046793018289,0.1940690485681825,-0.3235294117647059,0.06626596172363852,33,0.46271734373182843
APOC1,0.2456025959246299,0.1672617214480234,-0.3315508021390374,0.05944560281481907,33,0.46271734373182843
ENAM,-0.3370937889478341,-0.289214604062192,-0.37833324782027267,0.0299327964627288,33,0.3154456242610651
NDC80,0.238722982019562,0.1505074814705038,-0.4050802139037434,0.019359827804120943,33,0.2652296409164569
