gene,rho,p,n,rho_adj_purity,p_adj_purity,n_purity,rho_adj_fibro,p_adj_fibro,log2FC_axis1,log2FC_axis2,direction_axis1,fdr,fdr_adj_purity,fdr_adj_fibro,rho_ccle,p_ccle,n_ccle
PMEPA1,0.549034022782572,2.1062075425189346e-15,178,0.581528413342702,9.18584930898598e-15,149,0.5311659810851992,2.8324109109328913e-14,1.3665983333333358,0.5922087797619042,up_in_TGM2high,6.683162900536668e-14,3.398764244324812e-13,1.8078052290740469e-12,0.3463414634146342,0.0265383395870089,41
ZBED2,0.5438989955825271,4.297871902337927e-15,178,0.5757978544476946,1.9203291346672937e-14,149,0.4968113481088554,2.018288351164611e-12,2.926221666666668,1.0409741071428575,up_in_TGM2high,7.951063019325167e-14,5.32891334870174e-13,2.885932015317169e-11,0.3719512195121951,0.0166377409856717,41
CST6,0.5464732899482223,3.010433738980481e-15,178,0.5586627388576771,1.6024514379777675e-13,149,0.5123729641570434,3.1003277787845214e-13,3.1433633333333324,1.2729274553571424,up_in_TGM2high,6.683162900536668e-14,1.9913074221569573e-12,6.929551628756141e-12,0.5918118466898956,4.594317824314102e-05,41
ARNTL2,0.5154634020229187,1.8055367627419598e-13,178,0.558308102815447,1.6722468660969953e-13,149,0.4852387603232355,7.654115307770328e-12,1.163735,0.593359300595238,up_in_TGM2high,2.004145806643575e-12,1.9913074221569573e-12,7.534679945200319e-11,0.3205574912891986,0.0410162059569255,41
KRT7,0.5089982908275126,4.0275814590806477e-13,178,0.5359442749655259,2.2280541842395626e-12,149,0.5188561171319989,1.3806815691247065e-13,2.2637366666666665,1.133485714285717,up_in_TGM2high,4.06419583598138e-12,1.9024154957737798e-11,5.108521805761413e-12,0.3498257839721255,0.024956532187271,41
LAMC2,0.4657205308702332,5.73013673813324e-11,178,0.5339987013040858,2.766256388703857e-12,149,0.4354453364139293,1.3853193821248986e-09,1.7628483333333342,1.1421139880952325,up_in_TGM2high,3.1802258896639477e-10,2.193246136758058e-11,9.045320671521398e-09,0.397212543554007,0.0101255497495351,41
MFI2,0.486955124778177,5.4882542883331205e-12,178,0.5136141175443119,2.4618449266452696e-11,149,0.4683555672261084,4.9032406246246476e-11,1.8103983333333336,0.8318562499999995,up_in_TGM2high,4.0613081733665095e-11,1.7079049178601557e-10,3.62839806222224e-10,0.3832752613240419,0.013378291713329,41
PLAU,0.503441217368546,7.920094049158307e-13,178,0.5024944233166712,7.641577553797011e-11,149,0.4259954548613091,3.391407777035471e-09,1.6614466666666683,0.7222039434523797,up_in_TGM2high,6.963202400669411e-12,4.712306158174823e-10,2.0913681291718735e-08,0.4635888501742161,0.0022681573777059,41
EMP1,0.4812898002348732,1.0425900946930312e-11,178,0.5007650688596939,9.08044818417812e-11,149,0.4002797406246909,3.3861999289433665e-08,1.3445983333333356,0.5903301339285694,up_in_TGM2high,7.071848120741771e-11,5.083759962928835e-10,1.3921044152322726e-07,0.6045296167247387,2.840397405198934e-05,41
C16orf74,0.4450623398150286,4.833687758821614e-10,178,0.4478527213083245,1.147544211096878e-08,149,0.3952678636202528,5.1860821818605896e-08,1.7666499999999985,0.6090497767857146,up_in_TGM2high,2.3327797444747795e-09,4.392324394198396e-08,1.918850407288418e-07,0.3964458386094246,0.0102849968072837,41
MYH16,0.4013719690533984,2.8160804835564025e-08,178,0.4450310225179511,1.4524717672163161e-08,149,0.3953737369625146,5.139966509549941e-08,1.765645,1.408440625,up_in_TGM2high,8.44824145066921e-08,5.0382614425315967e-08,1.918850407288418e-07,0.4541811846689896,0.0028557042188476,41
P2RY2,0.3988545943363807,3.498423636122847e-08,178,0.4385279556000763,2.4799919643558727e-08,149,0.4090613684821925,1.577167680004711e-08,1.2537383333333318,0.8023714285714281,up_in_TGM2high,1.0219079568674632e-07,8.34179115283339e-08,7.893158520120575e-08,0.3456445993031359,0.0268644796745473,41
VGLL1,0.4185973523422508,6.074844407754111e-09,178,0.4253319612381259,7.099006140089855e-08,149,0.4086495156772028,1.635519332997957e-08,2.364821666666667,1.2167182291666672,up_in_TGM2high,2.408241890216808e-08,2.0736570567104573e-07,7.893158520120575e-08,0.3445993031358886,0.0273599183614655,41
TGFA,0.3805566061674378,1.605753814011518e-07,178,0.4218450093774513,9.30401578128541e-08,149,0.3849700928306675,1.2181769250669522e-07,1.138956666666667,0.5871785714285682,up_in_TGM2high,4.145085426866941e-07,2.4589184564825725e-07,3.976989373012697e-07,0.4719512195121952,0.0018380704693087,41
CGB5,0.3869234567476675,9.548818199266713e-08,178,0.4208814098361234,1.0020747798841308e-07,149,0.3602443123751617,8.429117251092043e-07,2.918088333333333,1.7829344494047614,up_in_TGM2high,2.523616238377631e-07,2.5867511759799653e-07,2.1758884066772484e-06,0.3562717770034844,0.0222367917179265,41
PKD1L2,0.3744663149380716,2.6131006050056985e-07,178,0.4057288910244769,3.1237179914541374e-07,149,0.3172821525223923,1.6852693761793033e-05,1.4774816666666664,0.6363532738095241,up_in_TGM2high,6.420473449651287e-07,7.537667327204549e-07,3.170591538235638e-05,0.4606271777003485,0.0024404505574105,41
C4orf26,0.3893664931074046,7.799317523545683e-08,178,0.4047746485795367,3.349346251386534e-07,149,0.3696046942286259,4.129991660631613e-07,1.1366816666666666,0.6262514880952381,up_in_TGM2high,2.1115225490574899e-07,7.910158168168197e-07,1.1460726858252725e-06,0.3085717881914601,0.0496559720368944,41
KRT80,0.3768275991206247,2.1660843868751447e-07,178,0.3983449119600964,5.328455618114704e-07,149,0.3779450814421078,2.1454625702607435e-07,1.465518333333332,0.8170173363095241,up_in_TGM2high,5.46444015779866e-07,1.1845846951355042e-06,6.43638771078223e-07,0.5231707317073172,0.0004486849284483,41
CGB,0.3688416057199075,4.061285390390532e-07,178,0.3983251966428102,5.335967095204974e-07,149,0.3451827269784409,2.535473503937545e-06,2.772015000000001,1.6942649553571432,up_in_TGM2high,9.200054659864266e-07,1.1845846951355042e-06,5.743623651776888e-06,0.4006538649223466,0.009435656751537,41
SLC16A3,0.3742178261432117,2.6649756535790617e-07,178,0.3860598119874875,1.2596584642455916e-06,149,0.3573175327973049,1.048717891839186e-06,1.062496666666668,0.616678125,up_in_TGM2high,6.420473449651287e-07,2.638152632665296e-06,2.586837466536659e-06,0.4437282229965157,0.0036613136245597,41
SLC2A1,0.31677392654126,1.6474809186806765e-05,178,0.3823045979148103,1.6273633825899045e-06,149,0.3140064136950732,2.079889653257284e-05,0.9851616666666684,0.8386924107142857,up_in_TGM2high,2.6502953909210883e-05,3.284315190317807e-06,3.847795858525975e-05,0.5088850174216029,0.0006799049757365,41
LAMB3,0.3198168796882342,1.3510314420276198e-05,178,0.3811844143614176,1.755491229246687e-06,149,0.3317971597891542,6.438122988814343e-06,1.5462850000000028,1.1192502232142818,up_in_TGM2high,2.2053601480156734e-05,3.4796344008282546e-06,1.3742916379969076e-05,0.3656794425087109,0.0187150011848448,41
ANLN,0.3142886324392587,1.9341709804962545e-05,178,0.3736180158123929,2.907696478439097e-06,149,0.3120782751853542,2.3513811228812342e-05,1.2224649999999997,0.7111514880952363,up_in_TGM2high,3.008462415621184e-05,5.4704120187583015e-06,4.209730719997048e-05,0.456794425087108,0.0026804314090345,41
FOSL1,0.3142375647522313,1.9405285553262176e-05,178,0.3618952833849774,6.199541545965888e-06,149,0.3073374302523751,3.1678965325933254e-05,1.1392049999999987,0.7150004464285722,up_in_TGM2high,3.008462415621184e-05,1.011983987650314e-05,5.494320548716549e-05,0.5839104496152435,6.131926524346477e-05,41
RHOD,0.3257788620204292,9.10204599775047e-06,178,0.3474768968056717,1.5114899531025824e-05,149,0.3650498714908257,5.860594864826576e-07,1.153859999999998,0.6888672619047629,up_in_TGM2high,1.578636102734847e-05,2.3302136776998142e-05,1.5488714999898808e-06,0.4749128919860628,0.0017040075881166,41
ITGB4,0.2773604588008948,0.0001781168619827,178,0.3402293991260975,2.3276254317754517e-05,149,0.3122600154854913,2.3244301473604933e-05,1.162551666666669,0.7854155505952392,up_in_TGM2high,0.0002081154913693,3.444885639027668e-05,4.209730719997048e-05,0.3389520452712087,0.0301692962667947,41
